,improve_ratio_to_avg,improve_ratio_to_prox,max_acc_ghcfl,max_acc_fedavg,max_acc_fedprox
biochem,1.0122632444894772,1.007533820186601,0.6776075537390395,0.6675238678603567,0.6770863859023377
