,improve_ratio_to_avg,improve_ratio_to_prox,max_acc_ghcfl,max_acc_fedavg,max_acc_fedprox,mean_acc_ghcfl,mean_acc_fedavg,mean_acc_fedprox
mix,1.0384008556708628,1.0064568315173725,0.7074269704172641,0.6717415853660241,0.6724809716962183,0.6674838573303087,0.6427997951706985,0.6469502451475173
