,improve_ratio_to_avg,improve_ratio_to_prox,max_acc_ghcfl,max_acc_fedavg,max_acc_fedprox,mean_acc_ghcfl,mean_acc_fedavg,mean_acc_fedprox
mix,1.012186459750444,1.0072442206545775,0.6861387161940267,0.6698650598131407,0.6746045016571229,0.6486755630967306,0.6408656792906146,0.6455082516813415
