,improve_ratio_to_avg,improve_ratio_to_prox,max_acc_ghcfl,max_acc_fedavg,max_acc_fedprox
molecules,1.0153835622853797,0.9984152011705438,0.7502887807269317,0.7289418785392414,0.7278608913998601
