,improve_ratio_to_avg,improve_ratio_to_prox,max_acc_ghcfl,max_acc_fedavg,max_acc_fedprox
molecules,1.019639226926052,0.996166026073704,0.7530885721763582,0.7282084756890502,0.7262697001788461
