,improve_ratio_to_avg,improve_ratio_to_prox,max_acc_ghcfl,max_acc_fedavg,max_acc_fedprox
molecules,1.0176528671171292,0.9956048818674127,0.7534361564655484,0.7292512285566206,0.7278608913998601
