,improve_ratio_to_avg,improve_ratio_to_prox,max_acc_ghcfl,max_acc_fedavg,max_acc_fedprox
mix,1.028971202393422,1.0119266704357277,0.6839781298076677,0.6694111262873897,0.6713633717408105
