,improve_ratio_to_avg,improve_ratio_to_prox,max_acc_ghcfl,max_acc_fedavg,max_acc_fedprox
mix,1.022804901436439,1.0056449676526846,0.6827451814907778,0.6684476321544041,0.6709148579468803
