,improve_ratio_to_avg,improve_ratio_to_prox,max_acc_ghcfl,max_acc_fedavg,max_acc_fedprox
biochem,1.008730873744758,1.002401204582719,0.677562154223301,0.6730626161445273,0.6711697192356711
