,improve_ratio_to_avg,improve_ratio_to_prox,max_acc_ghcfl,max_acc_fedavg,max_acc_fedprox
mix,1.0307667042547253,1.0103143665142098,0.6828546610252231,0.6664531515844565,0.6751549031917506
