,improve_ratio_to_avg,improve_ratio_to_prox,max_acc_ghcfl,max_acc_fedavg,max_acc_fedprox
molecules,1.016398876907704,0.9987252308711478,0.750636365016122,0.7319425240529213,0.7282084756890502
