,improve_ratio_to_avg,improve_ratio_to_prox,max_acc_ghcfl,max_acc_fedavg,max_acc_fedprox
biochem,1.0131473187419755,1.001813720481916,0.6837415474825222,0.6737486532712424,0.6732381609387164
