,improve_ratio_to_avg,improve_ratio_to_prox,max_acc_ghcfl,max_acc_fedavg,max_acc_fedprox
molecules,1.0199489317005506,0.9975194698802428,0.7537837407547385,0.7278417742639547,0.7275133071106701
