,improve_ratio_to_avg,improve_ratio_to_prox,max_acc_ghcfl,max_acc_fedavg,max_acc_fedprox,mean_acc_ghcfl,mean_acc_fedavg,mean_acc_fedprox
molecules,1.0397690737687983,0.9968434543417714,0.7659963470944644,0.7289036442674305,0.7262697001788461,0.7421373043478434,0.7137520465557374,0.7114990556321301
