,improve_ratio_to_avg,improve_ratio_to_prox,max_acc_ghcfl,max_acc_fedavg,max_acc_fedprox
molecules,1.0169208914777537,0.9963078822423925,0.7523934035979779,0.7329852769204918,0.7305521868961609
