,improve_ratio_to_avg,improve_ratio_to_prox,max_acc_ghcfl,max_acc_fedavg,max_acc_fedprox
mix,1.0228670560012754,1.0074234735877419,0.6824496451165576,0.6648023974353107,0.6697346069429873
