,improve_ratio_to_avg,improve_ratio_to_prox,max_acc_ghcfl,max_acc_fedavg,max_acc_fedprox
mix,1.0232550896976245,1.0053417436688197,0.6824527065320277,0.672516881639712,0.6714041478643529
