,improve_ratio_to_avg,improve_ratio_to_prox,max_acc_ghcfl,max_acc_fedavg,max_acc_fedprox
molecules,1.0193327711258755,0.9984588913997051,0.7513506507304076,0.7289036442674305,0.7271274885496689
