,improve_ratio_to_avg,improve_ratio_to_prox,max_acc_ghcfl,max_acc_fedavg,max_acc_fedprox
mix,1.028494880594648,1.0126193029513435,0.6826293194568157,0.6664525556609361,0.670254262902517
