,improve_ratio_to_avg,improve_ratio_to_prox,max_acc_ghcfl,max_acc_fedavg,max_acc_fedprox
molecules,1.0178539508185303,0.997027862013717,0.7530885721763582,0.7282084756890502,0.7272039570932908
