,improve_ratio_to_avg,improve_ratio_to_prox,max_acc_ghcfl,max_acc_fedavg,max_acc_fedprox
molecules,1.0173140664145954,0.9978475528246272,0.7544789093331188,0.7278608913998601,0.7289036442674305
