,improve_ratio_to_avg,improve_ratio_to_prox,max_acc_ghcfl,max_acc_fedavg,max_acc_fedprox
biochem,1.016961914796383,1.0085965041806222,0.6786529208528528,0.6651132294246037,0.6700491870193205
