,improve_ratio_to_avg,improve_ratio_to_prox,max_acc_ghcfl,max_acc_fedavg,max_acc_fedprox
biochem,1.0117590627070168,1.0039515305840936,0.6812913065300236,0.6709217794710052,0.6747686540960187
