,improve_ratio_to_avg,improve_ratio_to_prox,max_acc_ghcfl,max_acc_fedavg,max_acc_fedprox
mix,1.0273905502317435,1.0120691525774386,0.6828441131789089,0.6635998951456502,0.6692622285646335
