,improve_ratio_to_avg,improve_ratio_to_prox,max_acc_ghcfl,max_acc_fedavg,max_acc_fedprox
molecules,1.01679464634803,0.9959204960526523,0.7530885721763582,0.7285560599782404,0.72716572282148
