,improve_ratio_to_avg,improve_ratio_to_prox,max_acc_ghcfl,max_acc_fedavg,max_acc_fedprox
biochem,1.0120381378050698,1.0039928610818118,0.6767266558522341,0.6673170478442146,0.6761220677861267
