,improve_ratio_to_avg,improve_ratio_to_prox,max_acc_ghcfl,max_acc_fedavg,max_acc_fedprox
molecules,1.0184823928432627,0.9983729883857788,0.7520458193087879,0.728536942842335,0.7273124530464166
