,improve_ratio_to_avg,improve_ratio_to_prox,max_acc_ghcfl,max_acc_fedavg,max_acc_fedprox,mean_acc_ghcfl,mean_acc_fedavg,mean_acc_fedprox
mix,1.0481658585710911,1.0125520246002786,0.7049741611382901,0.6631398349369817,0.6705113128137175,0.6687516409080323,0.6380208203114972,0.646029273343537
