,improve_ratio_to_avg,improve_ratio_to_prox,max_acc_ghcfl,max_acc_fedavg,max_acc_fedprox
molecules,1.0026206687872283,0.9958023009818373,0.7445270223163067,0.7278417742639547,0.7289036442674305
