,improve_ratio_to_avg,improve_ratio_to_prox,max_acc_ghcfl,max_acc_fedavg,max_acc_fedprox
molecules,1.016178767940826,0.9973700666823968,0.7513315335945021,0.7289036442674305,0.7289036442674305
