,improve_ratio_to_avg,improve_ratio_to_prox,max_acc_ghcfl,max_acc_fedavg,max_acc_fedprox
mix,1.0254328984914838,1.0105445722693673,0.6810682209817003,0.6635867270485404,0.6717491041987935
