,improve_ratio_to_avg,improve_ratio_to_prox,max_acc_ghcfl,max_acc_fedavg,max_acc_fedprox
biochem,1.0129185720107292,1.0037646699239413,0.6811596589804928,0.676986507510329,0.6738260055037352
