,improve_ratio_to_avg,improve_ratio_to_prox,max_acc_ghcfl,max_acc_fedavg,max_acc_fedprox
biochem,1.0161736537166066,1.0047032568957124,0.681427505077239,0.6686021067273498,0.6772582339314169
