,improve_ratio_to_avg,improve_ratio_to_prox,max_acc_ghcfl,max_acc_fedavg,max_acc_fedprox
molecules,1.0168624647785842,0.9971944308797868,0.7520458193087879,0.7289418785392414,0.7278608913998601
