,improve_ratio_to_avg,improve_ratio_to_prox,max_acc_ghcfl,max_acc_fedavg,max_acc_fedprox
mix,1.0264685584430062,1.0072998318926627,0.6827758758572385,0.6662019818296372,0.6724534436549577
