,improve_ratio_to_avg,improve_ratio_to_prox,max_acc_ghcfl,max_acc_fedavg,max_acc_fedprox,mean_acc_ghcfl,mean_acc_fedavg,mean_acc_fedprox
mix,1.0309279287200552,1.0073190766306872,0.6927334882000321,0.6678720937499657,0.672837742044514,0.6611475477142953,0.6413130630141533,0.6460068824666146
