,improve_ratio_to_avg,improve_ratio_to_prox,max_acc_ghcfl,max_acc_fedavg,max_acc_fedprox
mix,1.0303910498935096,1.0121647793503332,0.6826775400926278,0.6679039799634675,0.6714679028441665
