,improve_ratio_to_avg,improve_ratio_to_prox,max_acc_ghcfl,max_acc_fedavg,max_acc_fedprox
molecules,1.0147509783508109,0.9967374150713548,0.7503078978628371,0.7333137440737765,0.7262697001788461
