,improve_ratio_to_avg,improve_ratio_to_prox,max_acc_ghcfl,max_acc_fedavg,max_acc_fedprox
molecules,1.0168101373369853,0.9986253133342825,0.750636365016122,0.7285560599782404,0.7289036442674305
