,improve_ratio_to_avg,improve_ratio_to_prox,max_acc_ghcfl,max_acc_fedavg,max_acc_fedprox
molecules,1.0167437742363015,0.9978091577806808,0.752740987887168,0.7278608913998601,0.7289036442674305
