,improve_ratio_to_avg,improve_ratio_to_prox,max_acc_ghcfl,max_acc_fedavg,max_acc_fedprox
molecules,1.0188133005106204,0.9986431785553729,0.7544789093331188,0.7292894628284314,0.7275133071106701
