,improve_ratio_to_avg,improve_ratio_to_prox,max_acc_ghcfl,max_acc_fedavg,max_acc_fedprox
biochem,1.0154709562249742,1.0042042003346494,0.6784528389643507,0.6702590410339191,0.678392883077479
