,improve_ratio_to_avg,improve_ratio_to_prox,max_acc_ghcfl,max_acc_fedavg,max_acc_fedprox,mean_acc_ghcfl,mean_acc_fedavg,mean_acc_fedprox
mix,1.0285321276072226,1.0033443294058442,0.6906865643209916,0.6650515809294527,0.6731831320662618,0.6600949987474969,0.6417835486414432,0.6439298842353517
