,improve_ratio_to_avg,improve_ratio_to_prox,max_acc_ghcfl,max_acc_fedavg,max_acc_fedprox
molecules,1.0183786575288167,0.9995170130721569,0.7506554821520274,0.7278608913998601,0.7275133071106701
