,improve_ratio_to_avg,improve_ratio_to_prox,max_acc_ghcfl,max_acc_fedavg,max_acc_fedprox
biochem,1.0099692699733096,1.0024454166728582,0.6766686416778647,0.6716918200617809,0.675884044715956
