,improve_ratio_to_avg,improve_ratio_to_prox,max_acc_ghcfl,max_acc_fedavg,max_acc_fedprox,mean_acc_ghcfl,mean_acc_fedavg,mean_acc_fedprox
molecules,1.0364926504087655,0.9975200500932088,0.7663917214940464,0.7285560599782404,0.7289036442674305,0.7408957270643677,0.7148104009924025,0.713037707005088
