,improve_ratio_to_avg,improve_ratio_to_prox,max_acc_ghcfl,max_acc_fedavg,max_acc_fedprox
mix,1.036052265142901,1.0147667779368446,0.684551638220159,0.6659772781033251,0.6758993428627645
