,improve_ratio_to_avg,improve_ratio_to_prox,max_acc_ghcfl,max_acc_fedavg,max_acc_fedprox
mix,1.0276443704645828,1.0112282958650183,0.6806965984948263,0.6628328377978677,0.672711357088796
