,improve_ratio_to_avg,improve_ratio_to_prox,max_acc_ghcfl,max_acc_fedavg,max_acc_fedprox
biochem,1.0099619862551126,1.0036147405697533,0.6744089093177674,0.6767332589460134,0.6729383945271412
