,improve_ratio_to_avg,improve_ratio_to_prox,max_acc_ghcfl,max_acc_fedavg,max_acc_fedprox
mix,1.0288055904456261,1.0123340381537758,0.6807954513784223,0.6709245427237309,0.6727095618408667
