,improve_ratio_to_avg,improve_ratio_to_prox,max_acc_ghcfl,max_acc_fedavg,max_acc_fedprox
molecules,1.017727682073068,0.9969965858800557,0.7506554821520274,0.7285751771141459,0.7289036442674305
