,improve_ratio_to_avg,improve_ratio_to_prox,max_acc_ghcfl,max_acc_fedavg,max_acc_fedprox,mean_acc_ghcfl,mean_acc_fedavg,mean_acc_fedprox
mix,1.0520782907642223,1.0103379669156822,0.6927247952713701,0.6670420701713339,0.6735148822369948,0.6749380560326885,0.6415283557865434,0.6481604547041367
