,improve_ratio_to_avg,improve_ratio_to_prox,max_acc_ghcfl,max_acc_fedavg,max_acc_fedprox
mix,1.0255791146602886,1.0033773077076047,0.6815192904014598,0.6713847900931704,0.669548955013985
