,improve_ratio_to_avg,improve_ratio_to_prox,max_acc_ghcfl,max_acc_fedavg,max_acc_fedprox
molecules,1.0175267599271416,0.9975797979836836,0.7548073764864034,0.7289418785392414,0.7305521868961609
