,improve_ratio_to_avg,max_acc_ghcfl,max_acc_fedavg,mean_acc_ghcfl,mean_acc_fedavg
mix,1.0240340798619032,0.6821561579941703,0.6655406854988493,0.6564124143348765,0.641006414965601
