,improve_ratio_to_avg,max_acc_ghcfl,max_acc_fedavg,mean_acc_ghcfl,mean_acc_fedavg
mix,1.019165066807788,0.6815359740418695,0.6725919732148036,0.6536563017237762,0.6413645080783112
