,improve_ratio_to_avg,improve_ratio_to_prox,max_acc_ghcfl,max_acc_fedavg,max_acc_fedprox
molecules,1.0182577710911005,0.9986214825384253,0.7541313250439287,0.7278608913998601,0.7275133071106701
