,improve_ratio_to_avg,improve_ratio_to_prox,max_acc_ghcfl,max_acc_fedavg,max_acc_fedprox
molecules,1.015467643512666,0.997127217263036,0.7489175607060767,0.7282084756890502,0.7268372556681951
