,improve_ratio_to_avg,improve_ratio_to_prox,max_acc_ghcfl,max_acc_fedavg,max_acc_fedprox
biochem,1.0159708060126236,1.0058816072652774,0.6802303054872707,0.6723375992691707,0.6761674673018653
