,improve_ratio_to_avg,max_acc_ghcfl,max_acc_fedavg,mean_acc_ghcfl,mean_acc_fedavg
mix,1.0249516214914722,0.6826220297033921,0.664237475533014,0.6567449159638573,0.6407569900793816
