,improve_ratio_to_avg,improve_ratio_to_prox,max_acc_ghcfl,max_acc_fedavg,max_acc_fedprox
mix,1.029296898483726,1.0095021863223115,0.6819965384063681,0.6632846534159585,0.6709966913882958
