,improve_ratio_to_avg,max_acc_ghcfl,max_acc_fedavg,mean_acc_ghcfl,mean_acc_fedavg
mix,1.0081434825604487,0.6881842128499501,0.6660790840461555,0.6466412393545423,0.6414178641637645
