,improve_ratio_to_avg,max_acc_ghcfl,max_acc_fedavg,mean_acc_ghcfl,mean_acc_fedavg
mix,1.031030614723514,0.6851951905315945,0.664316980794135,0.6595502559370929,0.6396999725502438
