,improve_ratio_to_avg,improve_ratio_to_prox,max_acc_ghcfl,max_acc_fedavg,max_acc_fedprox
molecules,1.0001415026491705,0.9933232673889097,0.7389656736892647,0.7282084756890502,0.7244744273251792
