,improve_ratio_to_avg,max_acc_ghcfl,max_acc_fedavg,mean_acc_ghcfl,mean_acc_fedavg
mix,1.0260216862681684,0.6900987911785454,0.6658403622953095,0.6568800899455559,0.6402204736380874
