,improve_ratio_to_avg,improve_ratio_to_prox,max_acc_ghcfl,max_acc_fedavg,max_acc_fedprox
molecules,1.0219314825832118,0.9999200274756849,0.7555216622006891,0.7275133071106701,0.7275133071106701
