,improve_ratio_to_avg,improve_ratio_to_prox,max_acc_ghcfl,max_acc_fedavg,max_acc_fedprox
biochem,1.012775266560119,1.0065291832269443,0.6758516050401242,0.6676858315968662,0.6714375800605652
