,improve_ratio_to_avg,improve_ratio_to_prox,max_acc_ghcfl,max_acc_fedavg,max_acc_fedprox
molecules,1.0171934527468094,0.9992953133271159,0.7520458193087879,0.7285560599782404,0.7342862352600319
