,improve_ratio_to_avg,improve_ratio_to_prox,max_acc_ghcfl,max_acc_fedavg,max_acc_fedprox
biochem,1.018734968796116,1.0070665625246693,0.6809387146705654,0.668998581103318,0.6701049492598841
