,improve_ratio_to_avg,improve_ratio_to_prox,max_acc_ghcfl,max_acc_fedavg,max_acc_fedprox,mean_acc_ghcfl,mean_acc_fedavg,mean_acc_fedprox
mix,1.0336150283960321,1.0028638092297473,0.6915015520467797,0.6653379847190732,0.6727918552536688,0.6644036095043969,0.642796003590835,0.6446368487187631
