,improve_ratio_to_avg,improve_ratio_to_prox,max_acc_ghcfl,max_acc_fedavg,max_acc_fedprox,mean_acc_ghcfl,mean_acc_fedavg,mean_acc_fedprox
mix,1.0667650455099353,1.0055112906397996,0.7093378208132723,0.6663398848767323,0.6679128030303756,0.6835982949476832,0.6408142991045506,0.6443460129530552
