,improve_ratio_to_avg,improve_ratio_to_prox,max_acc_ghcfl,max_acc_fedavg,max_acc_fedprox
biochem,1.0164437628041505,1.0064927006459439,0.6785353902330333,0.6665804696053477,0.6757084277538428
