,improve_ratio_to_avg,improve_ratio_to_prox,max_acc_ghcfl,max_acc_fedavg,max_acc_fedprox
mix,1.0263102836490887,1.00511899236698,0.6837591995153116,0.6653744905860874,0.6733833061756281
