,improve_ratio_to_avg,improve_ratio_to_prox,max_acc_ghcfl,max_acc_fedavg,max_acc_fedprox
molecules,1.018161601048614,0.9986589557504418,0.752740987887168,0.7292512285566206,0.7282084756890502
