,improve_ratio_to_avg,improve_ratio_to_prox,max_acc_ghcfl,max_acc_fedavg,max_acc_fedprox
molecules,1.0187685445294146,0.997784697259921,0.7516791178836922,0.7285560599782404,0.7275133071106701
