,improve_ratio_to_avg,improve_ratio_to_prox,max_acc_ghcfl,max_acc_fedavg,max_acc_fedprox
mix,1.0291125491298037,1.007495762427666,0.6838829223016597,0.6638907812771279,0.6675031425436396
