,improve_ratio_to_avg,improve_ratio_to_prox,max_acc_ghcfl,max_acc_fedavg,max_acc_fedprox
mix,1.0279914769567622,1.0060113914617093,0.6836428963166751,0.6673768187663818,0.6698364758769729
