,improve_ratio_to_avg,improve_ratio_to_prox,max_acc_ghcfl,max_acc_fedavg,max_acc_fedprox
biochem,1.0131109385182178,1.0027800924954644,0.6811737759102042,0.6714785081106174,0.670061066743374
