,improve_ratio_to_avg,improve_ratio_to_prox,max_acc_ghcfl,max_acc_fedavg,max_acc_fedprox
molecules,1.0166380284631313,0.9964986269926331,0.7506554821520274,0.7285942942500513,0.7262697001788461
