,improve_ratio_to_avg,improve_ratio_to_prox,max_acc_ghcfl,max_acc_fedavg,max_acc_fedprox
molecules,1.0184672777423778,1.0003067362983447,0.7523934035979779,0.7274941899747646,0.7302237197428761
