,improve_ratio_to_avg,improve_ratio_to_prox,max_acc_ghcfl,max_acc_fedavg,max_acc_fedprox,mean_acc_ghcfl,mean_acc_fedavg,mean_acc_fedprox
mix,1.0371830322201054,1.0061781076962106,0.6945754711597891,0.6648701935923064,0.6715348739982958,0.665360244259491,0.6415070663422614,0.645470366086004
