,improve_ratio_to_avg,improve_ratio_to_prox,max_acc_ghcfl,max_acc_fedavg,max_acc_fedprox
biochem,1.0168609772699349,1.0055451288180595,0.6802370362508368,0.6729958662405705,0.674796207515011
