,improve_ratio_to_avg,improve_ratio_to_prox,max_acc_ghcfl,max_acc_fedavg,max_acc_fedprox
mix,1.0270422295922748,1.0098303847166121,0.6849794208997666,0.6605060111336664,0.6680074014708232
