,improve_ratio_to_avg,improve_ratio_to_prox,max_acc_ghcfl,max_acc_fedavg,max_acc_fedprox
molecules,1.0199119217280748,0.9987762959598186,0.752740987887168,0.7268181385322897,0.7281702414172394
