,improve_ratio_to_avg,improve_ratio_to_prox,max_acc_ghcfl,max_acc_fedavg,max_acc_fedprox
mix,1.0265014164697304,1.0118754716774863,0.6819320252668211,0.6650699895281533,0.6724530274148408
