,improve_ratio_to_avg,improve_ratio_to_prox,max_acc_ghcfl,max_acc_fedavg,max_acc_fedprox
molecules,1.017740941100946,0.9981215527741985,0.7459173594730671,0.72716572282148,0.7278417742639547
