,improve_ratio_to_avg,improve_ratio_to_prox,max_acc_ghcfl,max_acc_fedavg,max_acc_fedprox
biochem,1.0144643797814268,1.0062911691877006,0.6756247989273537,0.6691489039443189,0.6748683710210173
