,improve_ratio_to_avg,improve_ratio_to_prox,max_acc_ghcfl,max_acc_fedavg,max_acc_fedprox
molecules,1.0185929107956635,0.9975831680274727,0.7520458193087879,0.7281893585531448,0.7296370471176216
