,improve_ratio_to_avg,improve_ratio_to_prox,max_acc_ghcfl,max_acc_fedavg,max_acc_fedprox
molecules,1.0170022423134057,0.9988875938498121,0.7541313250439287,0.7275133071106701,0.7282275928249557
