,improve_ratio_to_avg,improve_ratio_to_prox,max_acc_ghcfl,max_acc_fedavg,max_acc_fedprox
biochem,1.0151772568349169,1.0049952388468282,0.6822847348304542,0.6676296380541201,0.6710060541655357
