,improve_ratio_to_avg,improve_ratio_to_prox,max_acc_ghcfl,max_acc_fedavg,max_acc_fedprox,mean_acc_ghcfl,mean_acc_fedavg,mean_acc_fedprox
mix,1.0445829556937427,1.0094422353254984,0.7001492161289937,0.6658419953070254,0.670683349816263,0.6692281227040899,0.6406653670312216,0.6467146801916271
